motor,nombre,frase,tiempo_sintesis_s,std_tiempo_s,ttfb_s,warmup_s,duracion_audio_s,rtf,std_rtf,ram_pico_mb,cpu_pct_pico,cpu_pct_medio,wer,utmos
piper,piper_es_ES-davefx-medium_fast,Hola.,0.026,0.0023,0.0253,0.03,0.36,0.071,0.0063,156.1,42.4,21.2,1.0,
piper,piper_es_ES-davefx-medium_fast,Finalizado.,0.041,0.0042,0.0407,0.048,0.73,0.056,0.0057,175.0,47.4,11.8,0.0,
piper,piper_es_ES-davefx-medium_fast,Giro completado.,0.054,0.006,0.054,0.044,0.88,0.062,0.0068,177.1,52.2,46.5,0.5,
piper,piper_es_ES-davefx-medium_fast,"Entendido, avanzando.",0.125,0.0188,0.1243,0.119,1.3,0.096,0.0144,185.6,100.0,56.3,0.0,
piper,piper_es_ES-davefx-medium_fast,Ruta recalculada.,0.162,0.0592,0.1613,0.115,0.89,0.181,0.0662,197.9,100.0,45.0,1.0,
piper,piper_es_ES-davefx-medium_fast,Modo pausa activado.,0.141,0.0401,0.1404,0.159,1.07,0.132,0.0375,197.9,100.0,48.2,1.3333,
piper,piper_es_ES-davefx-medium_fast,Conexión perdida.,0.104,0.0102,0.1036,0.107,0.91,0.115,0.0112,197.9,52.2,46.8,1.0,
piper,piper_es_ES-davefx-medium_fast,Sistema listo.,0.096,0.0076,0.0957,0.124,0.87,0.11,0.0088,199.9,52.1,49.1,0.0,
piper,piper_es_ES-davefx-medium_fast,He detectado tres objetos.,0.129,0.01,0.1269,0.155,1.34,0.096,0.0075,199.9,51.1,47.0,0.0,
piper,piper_es_ES-davefx-medium_fast,Navegando hacia la cocina.,0.124,0.0117,0.1231,0.134,1.17,0.105,0.01,200.0,49.8,48.1,0.0,
piper,piper_es_ES-davefx-medium_fast,Estoy acoplada en la base.,0.091,0.0136,0.0904,0.115,1.1,0.082,0.0123,200.0,49.8,48.8,0.2,
piper,piper_es_ES-davefx-medium_fast,No puedo hacer eso ahora.,0.105,0.015,0.1042,0.088,1.02,0.102,0.0147,200.0,52.0,47.8,0.0,
piper,piper_es_ES-davefx-medium_fast,"Obstáculo detectado, deteniendo.",0.171,0.0114,0.1699,0.156,1.59,0.108,0.0072,210.7,49.8,45.6,0.6667,
piper,piper_es_ES-davefx-medium_fast,Sensor de distancia activo.,0.14,0.0219,0.14,0.153,1.24,0.113,0.0176,210.7,49.8,44.9,0.25,
piper,piper_es_ES-davefx-medium_fast,Batería cargada al cien por cien.,0.166,0.0188,0.1652,0.188,1.49,0.111,0.0126,210.7,100.0,49.9,0.8333,
piper,piper_es_ES-davefx-medium_fast,"No entiendo, por favor repite el comando.",0.148,0.017,0.1473,0.157,1.67,0.088,0.0102,211.3,52.3,49.6,0.1429,
piper,piper_es_ES-davefx-medium_fast,Veo una persona y una silla delante.,0.144,0.0061,0.1424,0.155,1.61,0.089,0.0038,211.3,49.9,48.6,0.2857,
piper,piper_es_ES-davefx-medium_fast,"Hola, soy Ana, tu robot asistente personal.",0.182,0.0103,0.1818,0.184,1.93,0.095,0.0053,212.2,51.6,49.1,0.4286,
piper,piper_es_ES-davefx-medium_fast,"Tiempo agotado, por favor intenta de nuevo.",0.151,0.0205,0.1506,0.177,1.75,0.086,0.0117,212.9,49.8,49.2,0.2857,
piper,piper_es_ES-davefx-medium_fast,Iniciando secuencia de navegación autónoma.,0.161,0.0155,0.1605,0.155,1.93,0.084,0.008,213.4,49.8,48.5,0.2,
piper,piper_es_ES-davefx-medium_fast,¿Puedes repetirlo? No te he oído bien.,0.148,0.0208,0.0722,0.168,1.8,0.082,0.0115,213.4,49.8,49.0,0.0,
piper,piper_es_ES-davefx-medium_fast,El robot TB4 usa ROS 2 Humble sobre Ubuntu.,0.214,0.0238,0.2121,0.214,2.88,0.074,0.0083,213.4,52.2,48.5,0.8889,
piper,piper_es_ES-davefx-medium_fast,"Error: batería al quince por ciento, volviendo a la base.",0.198,0.0193,0.1975,0.217,2.44,0.081,0.0079,213.9,100.0,54.3,0.3,
piper,piper_es_ES-davefx-medium_fast,"Por favor, despeja el camino para que pueda pasar.",0.16,0.0228,0.1592,0.196,1.96,0.081,0.0116,213.9,52.1,49.1,0.1111,
piper,piper_es_ES-davefx-medium_fast,"Hay tres personas, dos sillas y una mesa en la habitación.",0.203,0.028,0.2026,0.215,2.52,0.081,0.0111,245.7,100.0,51.9,0.1818,
piper,piper_es_ES-davefx-medium_fast,Son las catorce horas y la temperatura es de veintidós grados.,0.215,0.0381,0.2135,0.261,2.75,0.078,0.0139,245.7,100.0,55.3,0.1818,
piper,piper_es_ES-davefx-medium_fast,He completado la tarea de inspección del pasillo norte.,0.171,0.0314,0.1704,0.206,2.24,0.076,0.014,245.7,52.3,49.7,0.0,
piper,piper_es_ES-davefx-medium_fast,El mapa ha sido actualizado con los nuevos obstáculos detectados.,0.205,0.0356,0.205,0.211,2.81,0.073,0.0127,245.7,52.3,48.9,0.0,
piper,piper_es_ES-davefx-medium_fast,La velocidad máxima ha sido reducida al cincuenta por ciento.,0.191,0.0207,0.1908,0.252,2.6,0.074,0.008,245.7,100.0,51.3,0.3,
piper,piper_es_ES-davefx-medium_fast,No se encontró ningún objeto en el área de búsqueda.,0.195,0.0017,0.1929,0.209,2.17,0.09,0.0008,245.7,52.1,49.3,0.1,
piper,piper_es_ES-davefx-medium_fast,Esperando instrucciones en el punto de espera designado.,0.165,0.0105,0.1647,0.214,2.48,0.066,0.0042,245.7,49.8,49.6,0.0,
piper,piper_es_ES-davefx-medium_fast,"Iniciando protocolo de emergencia, avisando al operador.",0.201,0.0326,0.2007,0.198,2.53,0.079,0.0129,245.7,51.2,49.0,0.5714,
piper,piper_es_ES-davefx-medium_fast,¿Deseas que repita el mensaje o continúo con la tarea?,0.152,0.0191,0.152,0.153,2.15,0.071,0.0089,245.7,49.8,48.0,0.1,
piper,piper_es_ES-davefx-medium_fast,Temperatura del motor dentro de los límites normales de operación.,0.242,0.0078,0.2412,0.202,2.79,0.087,0.0028,246.1,52.2,49.8,0.1,
piper,piper_es_ES-davefx-medium_fast,"Cargando el modelo de lenguaje, esto puede tardar unos segundos.",0.198,0.0279,0.1968,0.27,2.72,0.073,0.0103,251.4,52.3,48.9,0.0,
piper,piper_es_ES-davefx-medium_fast,He detectado un obstáculo inesperado en mi ruta y estoy buscando un camino alternativo para llegar al destino.,0.32,0.0641,0.3199,0.318,4.68,0.068,0.0137,263.4,52.3,48.9,0.1111,
piper,piper_es_ES-davefx-medium_fast,"La batería se encuentra al doce por ciento, te recomiendo llevarme a la estación de carga lo antes posible.",0.282,0.0426,0.2818,0.284,4.33,0.065,0.0098,334.0,100.0,53.1,0.2105,
piper,piper_es_ES-davefx-medium_fast,He completado el reconocimiento de la planta baja y no encontré ninguna anomalía en las áreas inspeccionadas.,0.298,0.0068,0.298,0.335,4.67,0.064,0.0015,334.0,52.3,50.0,0.0588,
piper,piper_es_ES-davefx-medium_fast,"Para ejecutar este comando necesito que confirmes la operación, ya que implica mover objetos en el entorno.",0.292,0.039,0.2914,0.312,4.55,0.064,0.0086,334.0,52.2,49.5,0.1176,
piper,piper_es_ES-davefx-medium_fast,El sensor de ultrasonidos ha detectado un objeto a treinta centímetros de distancia en el lateral derecho.,0.281,0.0103,0.2804,0.303,4.53,0.062,0.0023,334.0,52.2,49.9,0.3529,
piper,piper_es_ES-davefx-medium_fast,Actualmente estoy procesando el mapa del entorno y calculando la ruta óptima hacia el punto de destino.,0.272,0.0052,0.271,0.299,4.34,0.063,0.0012,334.0,100.0,52.1,0.1176,
piper,piper_es_ES-davefx-medium_fast,No he podido completar la tarea porque la puerta de acceso a la sala estaba bloqueada desde el interior.,0.254,0.0098,0.2522,0.31,4.14,0.061,0.0024,334.0,49.8,49.5,0.3158,
piper,piper_es_ES-davefx-medium_fast,El sistema de visión ha identificado con un noventa y cinco por ciento de confianza que el objeto es una persona.,0.305,0.0276,0.3049,0.37,4.63,0.066,0.006,335.0,100.0,52.0,0.2381,
piper,piper_es_ES-davefx-medium_fast,Se ha producido un error en el módulo de planificación de rutas y el sistema ha reiniciado automáticamente.,0.307,0.0493,0.306,0.31,4.74,0.065,0.0104,335.0,52.3,48.8,0.1667,
piper,piper_es_ES-davefx-medium_fast,"Por favor, asegúrate de que el área esté libre de personas antes de iniciar la secuencia de movimiento.",0.273,0.0298,0.2714,0.321,4.2,0.065,0.0071,335.0,100.0,53.8,0.1111,
piper,piper_es_ES-davefx-medium_fast,"He registrado una anomalía en el sensor de temperatura del motor izquierdo, te recomiendo una revisión técnica.",0.292,0.0111,0.2914,0.332,4.89,0.06,0.0023,335.1,52.3,49.8,0.1765,
piper,piper_es_ES-davefx-medium_fast,La tarea de entrega ha sido completada con éxito y el paquete depositado en el lugar indicado.,0.298,0.0315,0.2979,0.274,4.13,0.072,0.0076,335.1,52.2,49.5,0.0588,
piper,piper_es_ES-davefx-medium_fast,No puedo continuar la navegación porque el nivel de batería es insuficiente para completar el trayecto previsto.,0.298,0.0221,0.2959,0.354,4.57,0.065,0.0048,335.1,100.0,51.3,0.0,
piper,piper_es_ES-davefx-medium_fast,He actualizado el inventario de la sala de almacén y detecté que faltan tres artículos respecto al registro anterior.,0.311,0.023,0.3102,0.311,5.03,0.062,0.0046,336.0,52.2,49.8,0.1579,
piper,piper_es_ES-davefx-medium_fast,"El módulo de reconocimiento de voz no interpretó tu comando, por favor habla más despacio y con claridad.",0.306,0.0546,0.3059,0.293,4.32,0.071,0.0127,336.0,52.2,49.5,0.2778,
piper,piper_es_ES-davefx-medium_default,Hola.,0.02,0.0053,0.0202,0.037,0.48,0.043,0.011,336.0,42.4,10.6,1.0,
piper,piper_es_ES-davefx-medium_default,Finalizado.,0.037,0.0079,0.0365,0.049,0.92,0.04,0.0086,336.0,47.3,11.8,0.0,
piper,piper_es_ES-davefx-medium_default,Giro completado.,0.061,0.0009,0.0607,0.058,1.2,0.051,0.0007,336.0,49.9,48.6,0.5,
piper,piper_es_ES-davefx-medium_default,"Entendido, avanzando.",0.054,0.0009,0.0538,0.088,1.64,0.033,0.0005,336.0,52.4,47.5,1.0,
piper,piper_es_ES-davefx-medium_default,Ruta recalculada.,0.04,0.001,0.0394,0.052,1.22,0.032,0.0009,336.0,47.1,11.8,0.5,
piper,piper_es_ES-davefx-medium_default,Modo pausa activado.,0.048,0.0057,0.0478,0.058,1.36,0.035,0.0042,336.0,49.9,10.9,0.6667,
piper,piper_es_ES-davefx-medium_default,Conexión perdida.,0.052,0.0124,0.0517,0.068,1.25,0.041,0.0099,336.0,100.0,60.5,1.5,
piper,piper_es_ES-davefx-medium_default,Sistema listo.,0.051,0.0095,0.0506,0.047,1.1,0.046,0.0086,336.0,100.0,48.6,0.0,
piper,piper_es_ES-davefx-medium_default,He detectado tres objetos.,0.075,0.0161,0.0749,0.074,1.8,0.042,0.0089,336.0,49.9,47.8,0.0,
piper,piper_es_ES-davefx-medium_default,Navegando hacia la cocina.,0.053,0.0032,0.0523,0.062,1.53,0.034,0.0021,336.1,49.8,35.8,0.25,
piper,piper_es_ES-davefx-medium_default,Estoy acoplada en la base.,0.051,0.0033,0.0506,0.061,1.49,0.034,0.0022,336.1,52.3,23.0,0.0,
piper,piper_es_ES-davefx-medium_default,No puedo hacer eso ahora.,0.075,0.0019,0.0743,0.082,1.35,0.055,0.0014,336.1,49.9,49.6,0.0,
piper,piper_es_ES-davefx-medium_default,"Obstáculo detectado, deteniendo.",0.108,0.0028,0.1076,0.112,2.0,0.054,0.0014,336.1,49.9,48.7,0.6667,
piper,piper_es_ES-davefx-medium_default,Sensor de distancia activo.,0.09,0.002,0.0895,0.086,1.63,0.055,0.0012,336.1,100.0,53.0,0.0,
piper,piper_es_ES-davefx-medium_default,Batería cargada al cien por cien.,0.087,0.0236,0.0871,0.106,1.97,0.044,0.0119,336.1,51.4,48.4,0.8333,
piper,piper_es_ES-davefx-medium_default,"No entiendo, por favor repite el comando.",0.072,0.0036,0.0722,0.094,2.15,0.034,0.0017,336.1,49.9,47.3,0.1429,
piper,piper_es_ES-davefx-medium_default,Veo una persona y una silla delante.,0.1,0.0173,0.0994,0.107,2.12,0.047,0.0081,336.1,49.9,49.0,0.1429,
piper,piper_es_ES-davefx-medium_default,"Hola, soy Ana, tu robot asistente personal.",0.118,0.0228,0.1177,0.155,2.51,0.047,0.0091,336.1,51.9,49.8,0.7143,
piper,piper_es_ES-davefx-medium_default,"Tiempo agotado, por favor intenta de nuevo.",0.084,0.0041,0.0834,0.122,2.29,0.037,0.0018,336.1,100.0,55.5,0.1429,
piper,piper_es_ES-davefx-medium_default,Iniciando secuencia de navegación autónoma.,0.145,0.005,0.1444,0.145,2.35,0.062,0.0021,336.1,100.0,52.8,0.6,
piper,piper_es_ES-davefx-medium_default,¿Puedes repetirlo? No te he oído bien.,0.111,0.0249,0.0531,0.154,2.37,0.047,0.0105,336.1,52.2,49.7,0.0,
piper,piper_es_ES-davefx-medium_default,El robot TB4 usa ROS 2 Humble sobre Ubuntu.,0.174,0.0336,0.174,0.211,3.52,0.05,0.0096,337.9,52.3,49.0,0.6667,
piper,piper_es_ES-davefx-medium_default,"Error: batería al quince por ciento, volviendo a la base.",0.119,0.0048,0.1191,0.138,3.19,0.037,0.0015,337.9,52.3,49.0,0.3,
piper,piper_es_ES-davefx-medium_default,"Por favor, despeja el camino para que pueda pasar.",0.098,0.0065,0.0973,0.114,2.5,0.039,0.0026,337.9,52.4,50.6,0.0,
piper,piper_es_ES-davefx-medium_default,"Hay tres personas, dos sillas y una mesa en la habitación.",0.141,0.0149,0.1409,0.143,3.18,0.044,0.0047,337.9,100.0,52.9,0.0,
piper,piper_es_ES-davefx-medium_default,Son las catorce horas y la temperatura es de veintidós grados.,0.19,0.0358,0.1895,0.238,3.56,0.053,0.01,338.6,52.2,49.3,0.1818,
piper,piper_es_ES-davefx-medium_default,He completado la tarea de inspección del pasillo norte.,0.164,0.0101,0.1637,0.193,2.88,0.057,0.0035,338.6,100.0,52.6,0.1111,
piper,piper_es_ES-davefx-medium_default,El mapa ha sido actualizado con los nuevos obstáculos detectados.,0.234,0.0514,0.234,0.217,3.66,0.064,0.0141,338.6,52.4,49.8,0.3,
piper,piper_es_ES-davefx-medium_default,La velocidad máxima ha sido reducida al cincuenta por ciento.,0.262,0.0163,0.2618,0.212,3.45,0.076,0.0047,338.6,52.3,49.9,0.5,
piper,piper_es_ES-davefx-medium_default,No se encontró ningún objeto en el área de búsqueda.,0.214,0.0047,0.2137,0.222,2.82,0.076,0.0017,338.6,52.2,48.4,0.0,
piper,piper_es_ES-davefx-medium_default,Esperando instrucciones en el punto de espera designado.,0.2,0.0416,0.1994,0.238,3.09,0.065,0.0135,338.6,52.3,50.1,0.0,
piper,piper_es_ES-davefx-medium_default,"Iniciando protocolo de emergencia, avisando al operador.",0.179,0.0068,0.1783,0.188,3.17,0.056,0.0022,338.6,52.3,50.0,0.5714,
piper,piper_es_ES-davefx-medium_default,¿Deseas que repita el mensaje o continúo con la tarea?,0.161,0.0089,0.1605,0.174,2.77,0.058,0.0032,338.6,100.0,53.5,0.1,
piper,piper_es_ES-davefx-medium_default,Temperatura del motor dentro de los límites normales de operación.,0.206,0.0166,0.2054,0.212,3.61,0.057,0.0046,338.6,100.0,53.2,0.0,
piper,piper_es_ES-davefx-medium_default,"Cargando el modelo de lenguaje, esto puede tardar unos segundos.",0.188,0.0027,0.1873,0.221,3.47,0.054,0.0008,338.6,52.3,49.8,0.0,
piper,piper_es_ES-davefx-medium_default,He detectado un obstáculo inesperado en mi ruta y estoy buscando un camino alternativo para llegar al destino.,0.338,0.0221,0.3365,0.377,5.96,0.057,0.0037,382.4,100.0,51.6,0.0,
piper,piper_es_ES-davefx-medium_default,"La batería se encuentra al doce por ciento, te recomiendo llevarme a la estación de carga lo antes posible.",0.309,0.0276,0.3083,0.325,5.41,0.057,0.0051,382.4,52.4,50.2,0.3684,
piper,piper_es_ES-davefx-medium_default,He completado el reconocimiento de la planta baja y no encontré ninguna anomalía en las áreas inspeccionadas.,0.336,0.0345,0.3358,0.347,5.89,0.057,0.0059,385.0,100.0,51.2,0.0588,
piper,piper_es_ES-davefx-medium_default,"Para ejecutar este comando necesito que confirmes la operación, ya que implica mover objetos en el entorno.",0.304,0.0093,0.3033,0.326,5.82,0.052,0.0016,385.0,52.2,50.0,0.1765,
piper,piper_es_ES-davefx-medium_default,El sensor de ultrasonidos ha detectado un objeto a treinta centímetros de distancia en el lateral derecho.,0.301,0.0121,0.3005,0.359,5.67,0.053,0.0021,385.0,52.2,49.9,0.2941,
piper,piper_es_ES-davefx-medium_default,Actualmente estoy procesando el mapa del entorno y calculando la ruta óptima hacia el punto de destino.,0.3,0.0218,0.2995,0.332,5.56,0.054,0.0039,385.0,52.1,49.6,0.1765,
piper,piper_es_ES-davefx-medium_default,No he podido completar la tarea porque la puerta de acceso a la sala estaba bloqueada desde el interior.,0.329,0.0725,0.3288,0.334,5.18,0.064,0.014,385.0,52.2,50.0,0.0,
piper,piper_es_ES-davefx-medium_default,El sistema de visión ha identificado con un noventa y cinco por ciento de confianza que el objeto es una persona.,0.355,0.0698,0.3541,0.478,6.01,0.059,0.0116,385.3,52.3,49.9,0.2857,
piper,piper_es_ES-davefx-medium_default,Se ha producido un error en el módulo de planificación de rutas y el sistema ha reiniciado automáticamente.,0.466,0.0638,0.4649,0.355,6.16,0.076,0.0104,386.6,52.2,49.0,0.2778,
piper,piper_es_ES-davefx-medium_default,"Por favor, asegúrate de que el área esté libre de personas antes de iniciar la secuencia de movimiento.",0.4,0.0176,0.399,0.388,5.27,0.076,0.0033,386.6,52.3,49.9,0.0556,
piper,piper_es_ES-davefx-medium_default,"He registrado una anomalía en el sensor de temperatura del motor izquierdo, te recomiendo una revisión técnica.",0.397,0.0513,0.3962,0.455,6.32,0.063,0.0081,387.5,100.0,50.9,0.0588,
piper,piper_es_ES-davefx-medium_default,La tarea de entrega ha sido completada con éxito y el paquete depositado en el lugar indicado.,0.411,0.0248,0.4101,0.312,5.12,0.08,0.0048,387.5,52.3,49.9,0.0588,
piper,piper_es_ES-davefx-medium_default,No puedo continuar la navegación porque el nivel de batería es insuficiente para completar el trayecto previsto.,0.391,0.0834,0.3903,0.32,5.93,0.066,0.0141,387.5,100.0,52.8,0.0588,
piper,piper_es_ES-davefx-medium_default,He actualizado el inventario de la sala de almacén y detecté que faltan tres artículos respecto al registro anterior.,0.533,0.0892,0.5306,0.689,6.48,0.082,0.0138,390.7,51.1,47.2,0.1579,
piper,piper_es_ES-davefx-medium_default,"El módulo de reconocimiento de voz no interpretó tu comando, por favor habla más despacio y con claridad.",0.402,0.0309,0.4018,0.411,5.6,0.072,0.0055,390.7,100.0,51.4,0.2222,
piper,piper_es_ES-davefx-medium_slow,Hola.,0.021,0.0006,0.0209,0.035,0.6,0.035,0.001,390.7,0.0,0.0,1.0,
piper,piper_es_ES-davefx-medium_slow,Finalizado.,0.038,0.0006,0.0379,0.049,1.18,0.032,0.0005,390.7,44.7,11.2,0.0,
piper,piper_es_ES-davefx-medium_slow,Giro completado.,0.048,0.0046,0.0483,0.061,1.38,0.035,0.0033,390.7,100.0,49.3,0.5,
piper,piper_es_ES-davefx-medium_slow,"Entendido, avanzando.",0.084,0.0153,0.0839,0.103,2.04,0.041,0.0075,390.7,49.9,49.0,0.5,
piper,piper_es_ES-davefx-medium_slow,Ruta recalculada.,0.054,0.012,0.0541,0.063,1.4,0.039,0.0085,390.7,100.0,48.5,0.5,
piper,piper_es_ES-davefx-medium_slow,Modo pausa activado.,0.054,0.0029,0.0541,0.069,1.56,0.035,0.0019,390.7,49.9,49.8,1.0,
piper,piper_es_ES-davefx-medium_slow,Conexión perdida.,0.048,0.0041,0.0476,0.06,1.39,0.034,0.003,390.7,49.8,10.9,0.0,
piper,piper_es_ES-davefx-medium_slow,Sistema listo.,0.046,0.0025,0.0461,0.061,1.39,0.033,0.0018,390.7,0.0,0.0,0.0,
piper,piper_es_ES-davefx-medium_slow,He detectado tres objetos.,0.069,0.0008,0.0692,0.111,2.16,0.032,0.0004,390.7,100.0,56.1,0.0,
piper,piper_es_ES-davefx-medium_slow,Navegando hacia la cocina.,0.064,0.0045,0.0636,0.077,1.87,0.034,0.0024,390.7,49.9,48.5,0.0,
piper,piper_es_ES-davefx-medium_slow,Estoy acoplada en la base.,0.056,0.0025,0.0562,0.069,1.8,0.031,0.0014,390.7,52.4,47.2,0.0,
piper,piper_es_ES-davefx-medium_slow,No puedo hacer eso ahora.,0.052,0.0004,0.0515,0.065,1.56,0.033,0.0003,390.7,49.9,48.2,0.0,
piper,piper_es_ES-davefx-medium_slow,"Obstáculo detectado, deteniendo.",0.089,0.0087,0.0878,0.099,2.35,0.038,0.0037,390.7,49.9,49.1,0.3333,
piper,piper_es_ES-davefx-medium_slow,Sensor de distancia activo.,0.081,0.0115,0.081,0.111,1.89,0.043,0.0061,390.7,49.9,48.9,0.25,
piper,piper_es_ES-davefx-medium_slow,Batería cargada al cien por cien.,0.079,0.0022,0.0791,0.094,2.21,0.036,0.001,390.7,100.0,56.1,0.5,
piper,piper_es_ES-davefx-medium_slow,"No entiendo, por favor repite el comando.",0.122,0.0247,0.1219,0.097,2.37,0.052,0.0104,390.7,100.0,52.6,0.1429,
piper,piper_es_ES-davefx-medium_slow,Veo una persona y una silla delante.,0.137,0.0037,0.137,0.144,2.41,0.057,0.0016,390.7,100.0,53.1,0.1429,
piper,piper_es_ES-davefx-medium_slow,"Hola, soy Ana, tu robot asistente personal.",0.118,0.0124,0.118,0.137,3.04,0.039,0.0041,390.7,100.0,50.4,0.2857,
piper,piper_es_ES-davefx-medium_slow,"Tiempo agotado, por favor intenta de nuevo.",0.096,0.006,0.0956,0.115,2.62,0.037,0.0023,390.7,100.0,53.4,0.2857,
piper,piper_es_ES-davefx-medium_slow,Iniciando secuencia de navegación autónoma.,0.104,0.007,0.1037,0.14,2.81,0.037,0.0025,390.7,52.4,50.1,0.8,
piper,piper_es_ES-davefx-medium_slow,¿Puedes repetirlo? No te he oído bien.,0.103,0.003,0.0496,0.117,2.76,0.037,0.0011,390.7,100.0,54.0,0.1429,
piper,piper_es_ES-davefx-medium_slow,El robot TB4 usa ROS 2 Humble sobre Ubuntu.,0.222,0.0022,0.2221,0.164,4.32,0.052,0.0005,390.7,52.3,50.3,0.7778,
piper,piper_es_ES-davefx-medium_slow,"Error: batería al quince por ciento, volviendo a la base.",0.202,0.0043,0.2014,0.204,3.82,0.053,0.0011,390.7,100.0,55.0,0.5,
piper,piper_es_ES-davefx-medium_slow,"Por favor, despeja el camino para que pueda pasar.",0.125,0.0141,0.1245,0.171,3.07,0.041,0.0046,390.7,49.9,48.9,0.0,
piper,piper_es_ES-davefx-medium_slow,"Hay tres personas, dos sillas y una mesa en la habitación.",0.205,0.0158,0.2034,0.232,3.73,0.055,0.0042,390.7,100.0,52.5,0.3636,
piper,piper_es_ES-davefx-medium_slow,Son las catorce horas y la temperatura es de veintidós grados.,0.23,0.0105,0.2293,0.25,4.09,0.056,0.0026,390.7,100.0,52.5,0.2727,
piper,piper_es_ES-davefx-medium_slow,He completado la tarea de inspección del pasillo norte.,0.181,0.0079,0.1805,0.199,3.54,0.051,0.0022,390.7,52.2,49.0,0.0,
piper,piper_es_ES-davefx-medium_slow,El mapa ha sido actualizado con los nuevos obstáculos detectados.,0.236,0.0278,0.236,0.237,4.31,0.055,0.0065,390.7,52.2,49.7,0.3,
piper,piper_es_ES-davefx-medium_slow,La velocidad máxima ha sido reducida al cincuenta por ciento.,0.216,0.0043,0.2143,0.247,4.17,0.052,0.001,390.7,52.2,50.1,0.3,
piper,piper_es_ES-davefx-medium_slow,No se encontró ningún objeto en el área de búsqueda.,0.197,0.0404,0.1966,0.184,3.32,0.059,0.0122,390.7,100.0,53.0,0.0,
piper,piper_es_ES-davefx-medium_slow,Esperando instrucciones en el punto de espera designado.,0.254,0.0104,0.2533,0.271,3.66,0.069,0.0028,390.7,52.3,50.1,0.125,
piper,piper_es_ES-davefx-medium_slow,"Iniciando protocolo de emergencia, avisando al operador.",0.278,0.0174,0.2771,0.259,3.88,0.072,0.0045,390.7,100.0,51.6,0.4286,
piper,piper_es_ES-davefx-medium_slow,¿Deseas que repita el mensaje o continúo con la tarea?,0.226,0.0167,0.226,0.234,3.2,0.071,0.0052,390.8,51.9,49.5,0.2,
piper,piper_es_ES-davefx-medium_slow,Temperatura del motor dentro de los límites normales de operación.,0.261,0.0424,0.2611,0.225,4.24,0.062,0.01,390.8,100.0,51.8,0.0,
piper,piper_es_ES-davefx-medium_slow,"Cargando el modelo de lenguaje, esto puede tardar unos segundos.",0.266,0.0481,0.2658,0.234,4.06,0.066,0.0118,390.8,52.1,49.5,0.0,
piper,piper_es_ES-davefx-medium_slow,He detectado un obstáculo inesperado en mi ruta y estoy buscando un camino alternativo para llegar al destino.,0.543,0.0519,0.5423,0.449,7.23,0.075,0.0072,400.5,100.0,50.0,0.0556,
piper,piper_es_ES-davefx-medium_slow,"La batería se encuentra al doce por ciento, te recomiendo llevarme a la estación de carga lo antes posible.",0.366,0.038,0.3657,0.356,6.25,0.059,0.0061,400.5,52.3,49.7,0.2105,
piper,piper_es_ES-davefx-medium_slow,He completado el reconocimiento de la planta baja y no encontré ninguna anomalía en las áreas inspeccionadas.,0.405,0.0457,0.4043,0.467,7.15,0.057,0.0064,400.5,52.2,49.8,0.0588,
piper,piper_es_ES-davefx-medium_slow,"Para ejecutar este comando necesito que confirmes la operación, ya que implica mover objetos en el entorno.",0.501,0.0241,0.5003,0.62,6.95,0.072,0.0035,400.5,100.0,51.0,0.2941,
piper,piper_es_ES-davefx-medium_slow,El sensor de ultrasonidos ha detectado un objeto a treinta centímetros de distancia en el lateral derecho.,0.419,0.0942,0.4187,0.539,6.82,0.062,0.0138,400.5,100.0,53.0,0.4118,
piper,piper_es_ES-davefx-medium_slow,Actualmente estoy procesando el mapa del entorno y calculando la ruta óptima hacia el punto de destino.,0.336,0.0094,0.3355,0.335,6.78,0.05,0.0014,400.5,52.3,50.1,0.0,
piper,piper_es_ES-davefx-medium_slow,No he podido completar la tarea porque la puerta de acceso a la sala estaba bloqueada desde el interior.,0.38,0.0543,0.3793,0.337,6.16,0.062,0.0088,400.5,64.5,49.4,0.0526,
piper,piper_es_ES-davefx-medium_slow,El sistema de visión ha identificado con un noventa y cinco por ciento de confianza que el objeto es una persona.,0.486,0.014,0.4852,0.489,7.11,0.068,0.002,401.1,100.0,51.1,0.2381,
piper,piper_es_ES-davefx-medium_slow,Se ha producido un error en el módulo de planificación de rutas y el sistema ha reiniciado automáticamente.,0.357,0.0102,0.3554,0.363,7.23,0.049,0.0014,401.1,100.0,51.7,0.1111,
piper,piper_es_ES-davefx-medium_slow,"Por favor, asegúrate de que el área esté libre de personas antes de iniciar la secuencia de movimiento.",0.332,0.023,0.3279,0.363,6.14,0.054,0.0037,401.1,100.0,51.7,0.1111,
piper,piper_es_ES-davefx-medium_slow,"He registrado una anomalía en el sensor de temperatura del motor izquierdo, te recomiendo una revisión técnica.",0.363,0.0104,0.3621,0.401,7.23,0.05,0.0014,403.0,100.0,51.6,0.1176,
piper,piper_es_ES-davefx-medium_slow,La tarea de entrega ha sido completada con éxito y el paquete depositado en el lugar indicado.,0.401,0.0462,0.4002,0.352,6.23,0.064,0.0074,403.0,100.0,51.5,0.0,
piper,piper_es_ES-davefx-medium_slow,No puedo continuar la navegación porque el nivel de batería es insuficiente para completar el trayecto previsto.,0.413,0.0827,0.4128,0.501,6.84,0.06,0.0121,403.0,100.0,52.2,0.0,
piper,piper_es_ES-davefx-medium_slow,He actualizado el inventario de la sala de almacén y detecté que faltan tres artículos respecto al registro anterior.,0.591,0.1734,0.5903,0.564,7.35,0.08,0.0236,406.9,100.0,48.4,0.3684,
piper,piper_es_ES-davefx-medium_slow,"El módulo de reconocimiento de voz no interpretó tu comando, por favor habla más despacio y con claridad.",0.52,0.0384,0.5191,0.7,6.25,0.083,0.0062,406.9,52.3,49.5,0.1111,
piper,piper_es_ES-davefx-medium_lowvar,Hola.,0.037,0.0113,0.0366,0.06,0.45,0.081,0.0251,406.9,47.0,32.9,1.0,
piper,piper_es_ES-davefx-medium_lowvar,Finalizado.,0.047,0.0071,0.0466,0.048,0.93,0.05,0.0076,406.9,49.9,36.6,0.0,
piper,piper_es_ES-davefx-medium_lowvar,Giro completado.,0.052,0.0073,0.0515,0.088,1.16,0.045,0.0063,406.9,49.9,24.9,0.5,
piper,piper_es_ES-davefx-medium_lowvar,"Entendido, avanzando.",0.093,0.0253,0.0926,0.107,1.61,0.058,0.0157,406.9,49.8,47.9,0.0,
piper,piper_es_ES-davefx-medium_lowvar,Ruta recalculada.,0.095,0.003,0.0942,0.11,1.17,0.081,0.0026,406.9,49.8,49.5,0.5,
piper,piper_es_ES-davefx-medium_lowvar,Modo pausa activado.,0.122,0.0253,0.1216,0.116,1.35,0.091,0.0188,406.9,100.0,55.0,0.3333,
piper,piper_es_ES-davefx-medium_lowvar,Conexión perdida.,0.102,0.0185,0.102,0.089,1.16,0.088,0.016,407.0,49.8,48.6,0.0,
piper,piper_es_ES-davefx-medium_lowvar,Sistema listo.,0.108,0.0097,0.1072,0.108,1.11,0.097,0.0087,407.0,52.2,48.7,0.0,
piper,piper_es_ES-davefx-medium_lowvar,He detectado tres objetos.,0.135,0.0194,0.1342,0.176,1.78,0.076,0.0109,407.0,100.0,53.1,0.0,
piper,piper_es_ES-davefx-medium_lowvar,Navegando hacia la cocina.,0.144,0.0243,0.1436,0.141,1.49,0.097,0.0163,407.0,52.0,47.7,0.25,
piper,piper_es_ES-davefx-medium_lowvar,Estoy acoplada en la base.,0.122,0.0143,0.1211,0.14,1.43,0.085,0.01,407.0,49.8,48.6,0.0,
piper,piper_es_ES-davefx-medium_lowvar,No puedo hacer eso ahora.,0.117,0.0028,0.1167,0.132,1.29,0.091,0.0022,407.0,49.9,48.2,0.0,
piper,piper_es_ES-davefx-medium_lowvar,"Obstáculo detectado, deteniendo.",0.191,0.0286,0.1907,0.191,2.03,0.094,0.0141,407.0,52.3,46.9,0.3333,
piper,piper_es_ES-davefx-medium_lowvar,Sensor de distancia activo.,0.122,0.0115,0.1213,0.102,1.58,0.077,0.0073,407.0,51.8,48.6,0.0,
piper,piper_es_ES-davefx-medium_lowvar,Batería cargada al cien por cien.,0.144,0.0136,0.1436,0.167,1.83,0.079,0.0074,407.0,52.2,48.4,0.6667,
piper,piper_es_ES-davefx-medium_lowvar,"No entiendo, por favor repite el comando.",0.133,0.0058,0.1324,0.162,2.04,0.065,0.0028,407.0,100.0,53.4,0.1429,
piper,piper_es_ES-davefx-medium_lowvar,Veo una persona y una silla delante.,0.186,0.0094,0.1859,0.149,2.03,0.092,0.0046,407.0,100.0,52.1,0.1429,
piper,piper_es_ES-davefx-medium_lowvar,"Hola, soy Ana, tu robot asistente personal.",0.202,0.0147,0.2019,0.244,2.44,0.083,0.006,407.0,52.3,49.4,0.5714,
piper,piper_es_ES-davefx-medium_lowvar,"Tiempo agotado, por favor intenta de nuevo.",0.166,0.0217,0.1632,0.176,2.18,0.076,0.0099,407.0,49.8,49.3,0.2857,
piper,piper_es_ES-davefx-medium_lowvar,Iniciando secuencia de navegación autónoma.,0.196,0.0061,0.1957,0.237,2.32,0.084,0.0026,407.0,52.2,50.3,0.6,
piper,piper_es_ES-davefx-medium_lowvar,¿Puedes repetirlo? No te he oído bien.,0.187,0.0212,0.0965,0.203,2.25,0.083,0.0094,407.0,52.0,49.3,0.1429,
piper,piper_es_ES-davefx-medium_lowvar,El robot TB4 usa ROS 2 Humble sobre Ubuntu.,0.22,0.0091,0.2193,0.251,3.41,0.064,0.0027,407.0,52.2,48.4,0.4444,
piper,piper_es_ES-davefx-medium_lowvar,"Error: batería al quince por ciento, volviendo a la base.",0.252,0.0285,0.2518,0.27,3.02,0.084,0.0095,407.0,51.4,48.3,0.3,
piper,piper_es_ES-davefx-medium_lowvar,"Por favor, despeja el camino para que pueda pasar.",0.209,0.006,0.2081,0.186,2.47,0.084,0.0024,407.0,100.0,51.4,0.0,
piper,piper_es_ES-davefx-medium_lowvar,"Hay tres personas, dos sillas y una mesa en la habitación.",0.226,0.0308,0.2257,0.292,3.12,0.072,0.0098,407.0,52.1,49.6,0.0909,
piper,piper_es_ES-davefx-medium_lowvar,Son las catorce horas y la temperatura es de veintidós grados.,0.254,0.0268,0.2523,0.293,3.51,0.072,0.0076,407.0,52.2,49.5,0.1818,
piper,piper_es_ES-davefx-medium_lowvar,He completado la tarea de inspección del pasillo norte.,0.216,0.058,0.2156,0.205,2.87,0.075,0.0202,407.0,100.0,51.6,0.0,
piper,piper_es_ES-davefx-medium_lowvar,El mapa ha sido actualizado con los nuevos obstáculos detectados.,0.268,0.0262,0.268,0.331,3.58,0.075,0.0073,407.0,52.2,48.9,0.0,
piper,piper_es_ES-davefx-medium_lowvar,La velocidad máxima ha sido reducida al cincuenta por ciento.,0.255,0.0261,0.2548,0.308,3.48,0.073,0.0075,407.0,100.0,50.7,0.1,
piper,piper_es_ES-davefx-medium_lowvar,No se encontró ningún objeto en el área de búsqueda.,0.217,0.0247,0.2152,0.239,2.74,0.079,0.009,407.0,49.9,49.2,0.0,
piper,piper_es_ES-davefx-medium_lowvar,Esperando instrucciones en el punto de espera designado.,0.223,0.031,0.2222,0.281,3.04,0.073,0.0102,407.0,100.0,51.7,0.0,
piper,piper_es_ES-davefx-medium_lowvar,"Iniciando protocolo de emergencia, avisando al operador.",0.252,0.0241,0.251,0.273,3.12,0.081,0.0077,407.0,51.5,49.3,0.5714,
piper,piper_es_ES-davefx-medium_lowvar,¿Deseas que repita el mensaje o continúo con la tarea?,0.209,0.0326,0.209,0.192,2.68,0.078,0.0121,407.0,51.1,48.5,0.4,
piper,piper_es_ES-davefx-medium_lowvar,Temperatura del motor dentro de los límites normales de operación.,0.289,0.0181,0.2881,0.3,3.42,0.084,0.0053,407.0,52.2,49.3,0.0,
piper,piper_es_ES-davefx-medium_lowvar,"Cargando el modelo de lenguaje, esto puede tardar unos segundos.",0.244,0.0035,0.2434,0.239,3.39,0.072,0.001,407.0,52.1,49.7,0.0,
piper,piper_es_ES-davefx-medium_lowvar,He detectado un obstáculo inesperado en mi ruta y estoy buscando un camino alternativo para llegar al destino.,0.446,0.0501,0.4453,0.516,5.78,0.077,0.0087,407.0,54.7,49.1,0.0,
piper,piper_es_ES-davefx-medium_lowvar,"La batería se encuentra al doce por ciento, te recomiendo llevarme a la estación de carga lo antes posible.",0.391,0.0335,0.3871,0.314,5.29,0.074,0.0063,407.0,52.1,49.2,0.2632,
piper,piper_es_ES-davefx-medium_lowvar,He completado el reconocimiento de la planta baja y no encontré ninguna anomalía en las áreas inspeccionadas.,0.407,0.0419,0.4061,0.455,5.85,0.07,0.0072,407.0,100.0,50.8,0.0,
piper,piper_es_ES-davefx-medium_lowvar,"Para ejecutar este comando necesito que confirmes la operación, ya que implica mover objetos en el entorno.",0.426,0.0584,0.4244,0.473,5.72,0.074,0.0102,407.0,52.2,49.5,0.1765,
piper,piper_es_ES-davefx-medium_lowvar,El sensor de ultrasonidos ha detectado un objeto a treinta centímetros de distancia en el lateral derecho.,0.415,0.0766,0.4139,0.432,5.72,0.072,0.0134,407.0,52.1,48.5,0.2941,
piper,piper_es_ES-davefx-medium_lowvar,Actualmente estoy procesando el mapa del entorno y calculando la ruta óptima hacia el punto de destino.,0.363,0.0316,0.362,0.39,5.5,0.066,0.0057,407.0,52.2,49.5,0.1765,
piper,piper_es_ES-davefx-medium_lowvar,No he podido completar la tarea porque la puerta de acceso a la sala estaba bloqueada desde el interior.,0.369,0.0219,0.3682,0.35,4.98,0.074,0.0044,407.0,100.0,51.3,0.0,
piper,piper_es_ES-davefx-medium_lowvar,El sistema de visión ha identificado con un noventa y cinco por ciento de confianza que el objeto es una persona.,0.395,0.0388,0.3947,0.362,5.83,0.068,0.0067,407.1,52.1,49.1,0.2857,
piper,piper_es_ES-davefx-medium_lowvar,Se ha producido un error en el módulo de planificación de rutas y el sistema ha reiniciado automáticamente.,0.425,0.0379,0.4227,0.389,5.91,0.072,0.0064,407.1,52.2,49.8,0.2222,
piper,piper_es_ES-davefx-medium_lowvar,"Por favor, asegúrate de que el área esté libre de personas antes de iniciar la secuencia de movimiento.",0.375,0.0318,0.3744,0.342,5.2,0.072,0.0061,407.1,52.3,49.5,0.0,
piper,piper_es_ES-davefx-medium_lowvar,"He registrado una anomalía en el sensor de temperatura del motor izquierdo, te recomiendo una revisión técnica.",0.445,0.0593,0.4448,0.423,6.1,0.073,0.0097,407.1,100.0,50.6,0.1765,
piper,piper_es_ES-davefx-medium_lowvar,La tarea de entrega ha sido completada con éxito y el paquete depositado en el lugar indicado.,0.273,0.0288,0.2722,0.302,5.13,0.053,0.0056,407.1,100.0,51.2,0.0,
piper,piper_es_ES-davefx-medium_lowvar,No puedo continuar la navegación porque el nivel de batería es insuficiente para completar el trayecto previsto.,0.373,0.055,0.3723,0.294,5.7,0.065,0.0097,407.1,100.0,51.4,0.0588,
piper,piper_es_ES-davefx-medium_lowvar,He actualizado el inventario de la sala de almacén y detecté que faltan tres artículos respecto al registro anterior.,0.374,0.0716,0.3722,0.31,6.26,0.06,0.0114,407.2,52.7,50.0,0.1579,
piper,piper_es_ES-davefx-medium_lowvar,"El módulo de reconocimiento de voz no interpretó tu comando, por favor habla más despacio y con claridad.",0.356,0.0076,0.3551,0.376,5.19,0.069,0.0015,407.2,52.2,49.8,0.1667,
piper,piper_es_ES-davefx-medium_highvar,Hola.,0.027,0.0011,0.0273,0.03,0.43,0.064,0.0027,407.2,44.8,11.2,1.0,
piper,piper_es_ES-davefx-medium_highvar,Finalizado.,0.042,0.011,0.0414,0.052,0.93,0.045,0.0118,407.2,49.9,24.9,0.0,
piper,piper_es_ES-davefx-medium_highvar,Giro completado.,0.052,0.0104,0.0523,0.043,1.13,0.047,0.0092,407.2,100.0,54.2,0.5,
piper,piper_es_ES-davefx-medium_highvar,"Entendido, avanzando.",0.068,0.0114,0.0678,0.093,1.71,0.04,0.0067,407.2,49.9,48.6,0.0,
piper,piper_es_ES-davefx-medium_highvar,Ruta recalculada.,0.042,0.0045,0.0419,0.056,1.24,0.034,0.0036,407.2,0.0,0.0,1.0,
piper,piper_es_ES-davefx-medium_highvar,Modo pausa activado.,0.046,0.0022,0.0456,0.059,1.3,0.035,0.0017,407.2,49.8,12.4,0.6667,
piper,piper_es_ES-davefx-medium_highvar,Conexión perdida.,0.04,0.0018,0.04,0.053,1.16,0.035,0.0016,407.2,47.3,11.8,0.0,
piper,piper_es_ES-davefx-medium_highvar,Sistema listo.,0.038,0.0006,0.0376,0.048,1.15,0.033,0.0005,407.2,100.0,29.9,0.0,
piper,piper_es_ES-davefx-medium_highvar,He detectado tres objetos.,0.059,0.0043,0.0586,0.068,1.82,0.032,0.0024,407.2,52.1,49.1,0.0,
piper,piper_es_ES-davefx-medium_highvar,Navegando hacia la cocina.,0.054,0.003,0.0534,0.061,1.54,0.035,0.002,407.2,49.9,36.0,0.25,
piper,piper_es_ES-davefx-medium_highvar,Estoy acoplada en la base.,0.056,0.0091,0.0554,0.057,1.49,0.037,0.0061,407.2,49.8,23.0,0.2,
piper,piper_es_ES-davefx-medium_highvar,No puedo hacer eso ahora.,0.047,0.0022,0.0473,0.06,1.35,0.035,0.0016,407.2,49.8,12.4,0.0,
piper,piper_es_ES-davefx-medium_highvar,"Obstáculo detectado, deteniendo.",0.069,0.0022,0.0687,0.083,2.1,0.033,0.0011,407.2,49.9,49.8,0.3333,
piper,piper_es_ES-davefx-medium_highvar,Sensor de distancia activo.,0.055,0.0008,0.055,0.071,1.61,0.034,0.0005,407.2,49.9,49.8,0.25,
piper,piper_es_ES-davefx-medium_highvar,Batería cargada al cien por cien.,0.072,0.0127,0.0722,0.08,1.87,0.039,0.0068,407.2,49.9,48.2,0.5,
piper,piper_es_ES-davefx-medium_highvar,"No entiendo, por favor repite el comando.",0.082,0.0156,0.0814,0.094,2.18,0.037,0.0072,407.2,49.9,49.9,0.1429,
piper,piper_es_ES-davefx-medium_highvar,Veo una persona y una silla delante.,0.074,0.0008,0.0742,0.092,2.11,0.035,0.0004,407.2,52.3,49.8,0.1429,
piper,piper_es_ES-davefx-medium_highvar,"Hola, soy Ana, tu robot asistente personal.",0.095,0.0154,0.0947,0.121,2.48,0.038,0.0062,407.2,49.9,48.8,0.2857,
piper,piper_es_ES-davefx-medium_highvar,"Tiempo agotado, por favor intenta de nuevo.",0.08,0.0021,0.0796,0.098,2.29,0.035,0.0009,407.2,50.6,48.7,0.1429,
piper,piper_es_ES-davefx-medium_highvar,Iniciando secuencia de navegación autónoma.,0.085,0.0027,0.0848,0.098,2.39,0.036,0.0011,407.2,52.3,49.1,0.4,
piper,piper_es_ES-davefx-medium_highvar,¿Puedes repetirlo? No te he oído bien.,0.083,0.0038,0.0385,0.103,2.35,0.035,0.0016,407.2,52.0,49.3,0.4286,
piper,piper_es_ES-davefx-medium_highvar,El robot TB4 usa ROS 2 Humble sobre Ubuntu.,0.157,0.0363,0.1567,0.136,3.39,0.046,0.0107,407.2,51.9,48.1,0.8889,
piper,piper_es_ES-davefx-medium_highvar,"Error: batería al quince por ciento, volviendo a la base.",0.181,0.0024,0.1812,0.187,3.18,0.057,0.0007,407.2,52.3,49.4,0.3,
piper,piper_es_ES-davefx-medium_highvar,"Por favor, despeja el camino para que pueda pasar.",0.164,0.009,0.1632,0.166,2.69,0.061,0.0034,407.2,52.1,47.1,0.0,
piper,piper_es_ES-davefx-medium_highvar,"Hay tres personas, dos sillas y una mesa en la habitación.",0.185,0.029,0.1843,0.179,3.13,0.059,0.0093,407.2,52.3,49.0,0.1818,
piper,piper_es_ES-davefx-medium_highvar,Son las catorce horas y la temperatura es de veintidós grados.,0.257,0.0531,0.2557,0.235,3.68,0.07,0.0144,407.2,52.2,49.0,0.2727,
piper,piper_es_ES-davefx-medium_highvar,He completado la tarea de inspección del pasillo norte.,0.26,0.0269,0.2593,0.226,2.97,0.088,0.009,407.2,54.6,48.5,0.0,
piper,piper_es_ES-davefx-medium_highvar,El mapa ha sido actualizado con los nuevos obstáculos detectados.,0.269,0.0619,0.2687,0.304,3.6,0.075,0.0172,407.2,100.0,52.1,0.5,
piper,piper_es_ES-davefx-medium_highvar,La velocidad máxima ha sido reducida al cincuenta por ciento.,0.222,0.027,0.221,0.241,3.6,0.062,0.0075,407.2,100.0,53.0,0.3,
piper,piper_es_ES-davefx-medium_highvar,No se encontró ningún objeto en el área de búsqueda.,0.16,0.0119,0.1595,0.208,2.79,0.057,0.0043,407.2,100.0,51.2,0.0,
piper,piper_es_ES-davefx-medium_highvar,Esperando instrucciones en el punto de espera designado.,0.196,0.0288,0.1957,0.269,3.09,0.063,0.0093,407.2,52.3,50.0,0.0,
piper,piper_es_ES-davefx-medium_highvar,"Iniciando protocolo de emergencia, avisando al operador.",0.222,0.0415,0.2214,0.278,3.17,0.07,0.0131,407.2,100.0,53.6,0.7143,
piper,piper_es_ES-davefx-medium_highvar,¿Deseas que repita el mensaje o continúo con la tarea?,0.163,0.0247,0.1629,0.189,2.75,0.059,0.009,407.2,52.3,50.2,0.1,
piper,piper_es_ES-davefx-medium_highvar,Temperatura del motor dentro de los límites normales de operación.,0.312,0.0303,0.3112,0.343,3.74,0.083,0.0081,407.2,49.8,48.6,0.2,
piper,piper_es_ES-davefx-medium_highvar,"Cargando el modelo de lenguaje, esto puede tardar unos segundos.",0.313,0.0066,0.3128,0.304,3.61,0.087,0.0018,407.2,100.0,50.9,0.0,
piper,piper_es_ES-davefx-medium_highvar,He detectado un obstáculo inesperado en mi ruta y estoy buscando un camino alternativo para llegar al destino.,0.434,0.0064,0.4319,0.545,6.03,0.072,0.0011,407.2,52.3,49.3,0.0556,
piper,piper_es_ES-davefx-medium_highvar,"La batería se encuentra al doce por ciento, te recomiendo llevarme a la estación de carga lo antes posible.",0.394,0.0216,0.393,0.459,5.4,0.073,0.004,407.2,52.2,49.2,0.2105,
piper,piper_es_ES-davefx-medium_highvar,He completado el reconocimiento de la planta baja y no encontré ninguna anomalía en las áreas inspeccionadas.,0.538,0.0497,0.5377,0.433,5.94,0.091,0.0084,407.2,100.0,49.0,0.0588,
piper,piper_es_ES-davefx-medium_highvar,"Para ejecutar este comando necesito que confirmes la operación, ya que implica mover objetos en el entorno.",0.474,0.048,0.4737,0.49,5.96,0.08,0.0081,407.2,52.1,49.1,0.5294,
piper,piper_es_ES-davefx-medium_highvar,El sensor de ultrasonidos ha detectado un objeto a treinta centímetros de distancia en el lateral derecho.,0.483,0.0165,0.4813,0.494,5.79,0.083,0.0029,407.3,52.1,48.7,0.2941,
piper,piper_es_ES-davefx-medium_highvar,Actualmente estoy procesando el mapa del entorno y calculando la ruta óptima hacia el punto de destino.,0.416,0.0434,0.4151,0.47,5.74,0.072,0.0076,407.3,100.0,51.2,0.1765,
piper,piper_es_ES-davefx-medium_highvar,No he podido completar la tarea porque la puerta de acceso a la sala estaba bloqueada desde el interior.,0.33,0.0461,0.3278,0.445,5.27,0.063,0.0087,407.3,52.2,49.8,0.0526,
piper,piper_es_ES-davefx-medium_highvar,El sistema de visión ha identificado con un noventa y cinco por ciento de confianza que el objeto es una persona.,0.358,0.0519,0.3572,0.345,6.21,0.058,0.0084,407.3,100.0,51.2,0.2857,
piper,piper_es_ES-davefx-medium_highvar,Se ha producido un error en el módulo de planificación de rutas y el sistema ha reiniciado automáticamente.,0.536,0.0833,0.5335,0.472,6.23,0.086,0.0134,407.3,52.2,48.3,0.2778,
piper,piper_es_ES-davefx-medium_highvar,"Por favor, asegúrate de que el área esté libre de personas antes de iniciar la secuencia de movimiento.",0.384,0.0533,0.3835,0.49,5.35,0.072,0.01,407.3,72.7,50.6,0.0,
piper,piper_es_ES-davefx-medium_highvar,"He registrado una anomalía en el sensor de temperatura del motor izquierdo, te recomiendo una revisión técnica.",0.328,0.0241,0.3263,0.478,6.39,0.051,0.0038,407.3,52.3,49.6,0.1176,
piper,piper_es_ES-davefx-medium_highvar,La tarea de entrega ha sido completada con éxito y el paquete depositado en el lugar indicado.,0.279,0.011,0.2782,0.278,5.34,0.052,0.0021,407.3,54.7,50.2,0.0,
piper,piper_es_ES-davefx-medium_highvar,No puedo continuar la navegación porque el nivel de batería es insuficiente para completar el trayecto previsto.,0.303,0.0074,0.3024,0.34,6.03,0.05,0.0012,407.3,100.0,52.0,0.0,
piper,piper_es_ES-davefx-medium_highvar,He actualizado el inventario de la sala de almacén y detecté que faltan tres artículos respecto al registro anterior.,0.337,0.0105,0.336,0.348,6.47,0.052,0.0016,407.3,100.0,51.8,0.2105,
piper,piper_es_ES-davefx-medium_highvar,"El módulo de reconocimiento de voz no interpretó tu comando, por favor habla más despacio y con claridad.",0.292,0.0149,0.2919,0.308,5.54,0.053,0.0027,407.3,100.0,51.9,0.4444,
coqui,coqui_vits_speed08,Hola.,0.066,0.0232,,0.192,1.34,0.049,0.0174,1227.6,49.9,45.1,0.0,
coqui,coqui_vits_speed08,Finalizado.,0.131,0.0035,,0.171,3.15,0.042,0.0011,1283.9,49.9,49.2,1.0,
coqui,coqui_vits_speed08,Giro completado.,0.102,0.0087,,0.146,2.13,0.048,0.0041,1307.1,50.2,42.6,0.5,
coqui,coqui_vits_speed08,"Entendido, avanzando.",0.138,0.006,,0.155,3.5,0.04,0.0017,1341.7,49.9,48.5,0.0,
coqui,coqui_vits_speed08,Ruta recalculada.,0.102,0.0181,,0.147,3.18,0.032,0.0057,1360.0,52.2,47.6,0.5,
coqui,coqui_vits_speed08,Modo pausa activado.,0.132,0.0234,,0.183,3.46,0.038,0.0068,1359.6,49.9,49.2,0.0,
coqui,coqui_vits_speed08,Conexión perdida.,0.107,0.0221,,0.159,2.57,0.042,0.0086,1360.3,52.3,46.7,0.0,
coqui,coqui_vits_speed08,Sistema listo.,0.105,0.0148,,0.135,2.28,0.046,0.0065,1360.3,51.4,46.0,0.0,
coqui,coqui_vits_speed08,He detectado tres objetos.,0.121,0.0088,,0.139,3.14,0.039,0.0028,1359.9,49.9,48.9,0.25,
coqui,coqui_vits_speed08,Navegando hacia la cocina.,0.122,0.027,,0.167,3.24,0.038,0.0083,1360.0,52.4,47.9,0.25,
coqui,coqui_vits_speed08,Estoy acoplada en la base.,0.129,0.0363,,0.099,2.69,0.048,0.0135,1360.0,52.3,48.2,0.2,
coqui,coqui_vits_speed08,No puedo hacer eso ahora.,0.12,0.0092,,0.139,2.18,0.055,0.0042,1360.3,49.9,47.4,0.4,
coqui,coqui_vits_speed08,"Obstáculo detectado, deteniendo.",0.174,0.0097,,0.162,3.66,0.047,0.0026,1361.7,49.9,47.5,1.0,
coqui,coqui_vits_speed08,Sensor de distancia activo.,0.125,0.009,,0.13,2.62,0.048,0.0034,1361.5,52.2,49.5,1.0,
coqui,coqui_vits_speed08,Batería cargada al cien por cien.,0.145,0.0126,,0.144,3.48,0.042,0.0036,1361.4,52.4,46.8,1.0,
coqui,coqui_vits_speed08,"No entiendo, por favor repite el comando.",0.178,0.0101,,0.185,4.03,0.044,0.0025,1397.0,49.9,46.8,0.0,
coqui,coqui_vits_speed08,Veo una persona y una silla delante.,0.216,0.0231,,0.212,4.23,0.051,0.0055,1417.8,100.0,49.1,0.1429,
coqui,coqui_vits_speed08,"Hola, soy Ana, tu robot asistente personal.",0.204,0.0551,,0.24,4.01,0.051,0.0137,1421.3,52.3,42.9,0.7143,
coqui,coqui_vits_speed08,"Tiempo agotado, por favor intenta de nuevo.",0.199,0.0513,,0.292,4.12,0.048,0.0125,1421.9,52.2,44.0,0.2857,
coqui,coqui_vits_speed08,Iniciando secuencia de navegación autónoma.,0.255,0.0161,,0.287,4.42,0.058,0.0036,1422.9,62.8,45.8,0.6,
coqui,coqui_vits_speed08,¿Puedes repetirlo? No te he oído bien.,0.276,0.029,,0.302,4.29,0.064,0.0068,1422.4,54.7,49.0,0.1429,
coqui,coqui_vits_speed08,El robot TB4 usa ROS 2 Humble sobre Ubuntu.,0.253,0.0215,,0.281,4.25,0.06,0.0051,1402.5,49.8,46.7,1.0,
coqui,coqui_vits_speed08,"Error: batería al quince por ciento, volviendo a la base.",0.29,0.0143,,0.336,4.99,0.058,0.0029,1470.9,49.9,45.5,0.5,
coqui,coqui_vits_speed08,"Por favor, despeja el camino para que pueda pasar.",0.209,0.0234,,0.25,4.45,0.047,0.0053,1471.8,52.3,44.2,0.0,
coqui,coqui_vits_speed08,"Hay tres personas, dos sillas y una mesa en la habitación.",0.289,0.0146,,0.328,5.17,0.056,0.0028,1473.5,52.2,46.8,0.0,
coqui,coqui_vits_speed08,Son las catorce horas y la temperatura es de veintidós grados.,0.244,0.04,,0.288,4.58,0.053,0.0087,1473.6,52.2,48.7,0.1818,
coqui,coqui_vits_speed08,He completado la tarea de inspección del pasillo norte.,0.254,0.0852,,0.297,5.02,0.051,0.017,1472.8,50.3,38.7,0.0,
coqui,coqui_vits_speed08,El mapa ha sido actualizado con los nuevos obstáculos detectados.,0.286,0.0195,,0.264,4.95,0.058,0.0039,1455.0,52.3,44.6,0.0,
coqui,coqui_vits_speed08,La velocidad máxima ha sido reducida al cincuenta por ciento.,0.32,0.0079,,0.333,4.89,0.066,0.0016,1481.0,52.3,43.6,0.6,
coqui,coqui_vits_speed08,No se encontró ningún objeto en el área de búsqueda.,0.233,0.023,,0.28,3.92,0.059,0.0059,1480.8,62.8,44.9,0.1,
coqui,coqui_vits_speed08,Esperando instrucciones en el punto de espera designado.,0.312,0.1475,,0.286,4.39,0.071,0.0336,1480.7,52.3,43.2,0.0,
coqui,coqui_vits_speed08,"Iniciando protocolo de emergencia, avisando al operador.",0.491,0.0309,,1.261,4.46,0.11,0.0069,1480.5,52.3,44.9,0.5714,
coqui,coqui_vits_speed08,¿Deseas que repita el mensaje o continúo con la tarea?,0.296,0.0494,,0.412,4.3,0.069,0.0115,1479.9,52.2,49.1,0.3,
coqui,coqui_vits_speed08,Temperatura del motor dentro de los límites normales de operación.,0.242,0.0343,,0.282,4.89,0.049,0.007,1440.1,52.2,48.6,0.1,
coqui,coqui_vits_speed08,"Cargando el modelo de lenguaje, esto puede tardar unos segundos.",0.298,0.0048,,0.281,5.18,0.057,0.0009,1478.9,100.0,49.5,0.0,
coqui,coqui_vits_speed08,He detectado un obstáculo inesperado en mi ruta y estoy buscando un camino alternativo para llegar al destino.,0.384,0.0198,,0.489,6.84,0.056,0.0029,1596.6,52.3,46.5,0.0,
coqui,coqui_vits_speed08,"La batería se encuentra al doce por ciento, te recomiendo llevarme a la estación de carga lo antes posible.",0.362,0.0125,,0.377,6.79,0.053,0.0018,1597.8,52.3,46.1,0.0526,
coqui,coqui_vits_speed08,He completado el reconocimiento de la planta baja y no encontré ninguna anomalía en las áreas inspeccionadas.,0.384,0.0931,,0.393,6.73,0.057,0.0138,1600.0,52.3,42.4,0.0,
coqui,coqui_vits_speed08,"Para ejecutar este comando necesito que confirmes la operación, ya que implica mover objetos en el entorno.",0.422,0.024,,0.428,7.38,0.057,0.0033,1718.1,52.2,44.8,0.1765,
coqui,coqui_vits_speed08,El sensor de ultrasonidos ha detectado un objeto a treinta centímetros de distancia en el lateral derecho.,0.367,0.0497,,0.41,6.91,0.053,0.0072,1661.3,52.2,47.5,0.1176,
coqui,coqui_vits_speed08,Actualmente estoy procesando el mapa del entorno y calculando la ruta óptima hacia el punto de destino.,0.37,0.0509,,0.44,6.8,0.054,0.0075,1661.4,52.3,46.5,0.2353,
coqui,coqui_vits_speed08,No he podido completar la tarea porque la puerta de acceso a la sala estaba bloqueada desde el interior.,0.326,0.064,,0.342,6.39,0.051,0.01,1660.2,52.3,46.3,0.0,
coqui,coqui_vits_speed08,El sistema de visión ha identificado con un noventa y cinco por ciento de confianza que el objeto es una persona.,0.386,0.0404,,0.44,7.07,0.055,0.0057,1659.8,61.3,45.4,0.3333,
coqui,coqui_vits_speed08,Se ha producido un error en el módulo de planificación de rutas y el sistema ha reiniciado automáticamente.,0.48,0.111,,0.516,7.3,0.066,0.0152,1620.0,52.3,45.5,0.1111,
coqui,coqui_vits_speed08,"Por favor, asegúrate de que el área esté libre de personas antes de iniciar la secuencia de movimiento.",0.329,0.0626,,0.432,6.53,0.05,0.0096,1619.7,63.3,48.6,0.1111,
coqui,coqui_vits_speed08,"He registrado una anomalía en el sensor de temperatura del motor izquierdo, te recomiendo una revisión técnica.",0.41,0.0291,,0.433,6.92,0.059,0.0042,1620.3,52.3,45.7,0.1176,
coqui,coqui_vits_speed08,La tarea de entrega ha sido completada con éxito y el paquete depositado en el lugar indicado.,0.397,0.0504,,0.44,7.67,0.052,0.0066,1620.3,100.0,48.1,0.0,
coqui,coqui_vits_speed08,No puedo continuar la navegación porque el nivel de batería es insuficiente para completar el trayecto previsto.,0.4,0.0436,,0.434,7.52,0.053,0.0058,1620.7,52.3,46.1,0.0,
coqui,coqui_vits_speed08,He actualizado el inventario de la sala de almacén y detecté que faltan tres artículos respecto al registro anterior.,0.374,0.0721,,0.437,7.08,0.053,0.0102,1621.4,52.3,46.4,0.0526,
coqui,coqui_vits_speed08,"El módulo de reconocimiento de voz no interpretó tu comando, por favor habla más despacio y con claridad.",0.523,0.1442,,0.414,7.32,0.072,0.0197,1621.8,52.3,46.0,0.0556,
coqui,coqui_vits_speed10,Hola.,0.063,0.0031,,0.121,1.35,0.046,0.0023,1620.2,49.9,45.5,0.0,
coqui,coqui_vits_speed10,Finalizado.,0.106,0.017,,0.124,2.23,0.047,0.0076,1617.6,49.9,46.6,1.0,
coqui,coqui_vits_speed10,Giro completado.,0.104,0.0267,,0.125,3.46,0.03,0.0077,1615.8,52.4,46.0,1.5,
coqui,coqui_vits_speed10,"Entendido, avanzando.",0.131,0.0093,,0.175,3.3,0.04,0.0028,1613.6,100.0,51.0,0.0,
coqui,coqui_vits_speed10,Ruta recalculada.,0.114,0.0328,,0.15,3.1,0.037,0.0106,1610.6,49.9,49.5,0.5,
coqui,coqui_vits_speed10,Modo pausa activado.,0.149,0.0161,,0.12,3.18,0.047,0.0051,1610.6,52.2,49.0,0.0,
coqui,coqui_vits_speed10,Conexión perdida.,0.136,0.0404,,0.148,2.57,0.053,0.0157,1611.0,49.8,47.5,1.0,
coqui,coqui_vits_speed10,Sistema listo.,0.154,0.0298,,0.133,2.2,0.07,0.0136,1610.8,52.2,45.9,1.0,
coqui,coqui_vits_speed10,He detectado tres objetos.,0.196,0.0729,,0.252,2.93,0.067,0.0249,1549.4,52.2,47.9,0.0,
coqui,coqui_vits_speed10,Navegando hacia la cocina.,0.221,0.0299,,0.246,3.17,0.07,0.0094,1549.3,100.0,48.9,0.25,
coqui,coqui_vits_speed10,Estoy acoplada en la base.,0.153,0.0163,,0.199,3.18,0.048,0.0051,1549.7,52.3,49.6,0.2,
coqui,coqui_vits_speed10,No puedo hacer eso ahora.,0.128,0.0275,,0.129,2.58,0.05,0.0107,1549.7,52.6,46.5,0.2,
coqui,coqui_vits_speed10,"Obstáculo detectado, deteniendo.",0.172,0.0163,,0.177,4.01,0.043,0.0041,1550.0,52.2,47.9,0.6667,
coqui,coqui_vits_speed10,Sensor de distancia activo.,0.122,0.0218,,0.172,2.98,0.041,0.0073,1549.9,52.4,49.4,0.0,
coqui,coqui_vits_speed10,Batería cargada al cien por cien.,0.133,0.0214,,0.187,3.23,0.041,0.0066,1549.5,56.0,44.2,0.8333,
coqui,coqui_vits_speed10,"No entiendo, por favor repite el comando.",0.263,0.0184,,0.189,3.8,0.069,0.0048,1550.5,52.2,47.4,0.0,
coqui,coqui_vits_speed10,Veo una persona y una silla delante.,0.238,0.0489,,0.278,3.94,0.061,0.0124,1550.9,61.1,48.1,0.1429,
coqui,coqui_vits_speed10,"Hola, soy Ana, tu robot asistente personal.",0.225,0.0107,,0.246,4.28,0.052,0.0025,1551.2,54.7,46.9,0.2857,
coqui,coqui_vits_speed10,"Tiempo agotado, por favor intenta de nuevo.",0.221,0.0148,,0.205,4.47,0.05,0.0033,1552.0,52.3,45.0,0.0,
coqui,coqui_vits_speed10,Iniciando secuencia de navegación autónoma.,0.227,0.0651,,0.239,4.47,0.051,0.0146,1552.1,52.2,47.0,0.2,
coqui,coqui_vits_speed10,¿Puedes repetirlo? No te he oído bien.,0.296,0.0483,,0.319,4.29,0.069,0.0113,1551.6,100.0,49.2,0.1429,
coqui,coqui_vits_speed10,El robot TB4 usa ROS 2 Humble sobre Ubuntu.,0.281,0.042,,0.306,4.53,0.062,0.0093,1550.5,52.3,47.3,0.7778,
coqui,coqui_vits_speed10,"Error: batería al quince por ciento, volviendo a la base.",0.326,0.055,,0.361,4.92,0.066,0.0112,1550.6,52.3,46.0,0.6,
coqui,coqui_vits_speed10,"Por favor, despeja el camino para que pueda pasar.",0.243,0.0225,,0.322,4.44,0.055,0.0051,1551.6,52.3,47.3,0.1111,
coqui,coqui_vits_speed10,"Hay tres personas, dos sillas y una mesa en la habitación.",0.35,0.0675,,0.385,5.17,0.068,0.0131,1582.3,100.0,49.0,0.2727,
coqui,coqui_vits_speed10,Son las catorce horas y la temperatura es de veintidós grados.,0.288,0.0879,,0.345,4.55,0.063,0.0193,1582.2,100.0,47.8,0.1818,
coqui,coqui_vits_speed10,He completado la tarea de inspección del pasillo norte.,0.308,0.0898,,0.28,4.99,0.062,0.018,1582.0,52.3,46.2,0.0,
coqui,coqui_vits_speed10,El mapa ha sido actualizado con los nuevos obstáculos detectados.,0.304,0.0506,,0.306,4.85,0.063,0.0104,1582.4,54.6,46.8,0.1,
coqui,coqui_vits_speed10,La velocidad máxima ha sido reducida al cincuenta por ciento.,0.288,0.0363,,0.408,4.62,0.062,0.0079,1582.5,52.3,47.2,0.3,
coqui,coqui_vits_speed10,No se encontró ningún objeto en el área de búsqueda.,0.237,0.0401,,0.287,4.32,0.055,0.0093,1582.1,52.1,46.6,0.3,
coqui,coqui_vits_speed10,Esperando instrucciones en el punto de espera designado.,0.276,0.0239,,0.306,4.2,0.066,0.0057,1581.7,52.2,48.9,0.0,
coqui,coqui_vits_speed10,"Iniciando protocolo de emergencia, avisando al operador.",0.324,0.0737,,0.36,5.11,0.063,0.0144,1581.7,52.3,47.1,0.5714,
coqui,coqui_vits_speed10,¿Deseas que repita el mensaje o continúo con la tarea?,0.289,0.0462,,0.278,4.34,0.066,0.0106,1581.8,100.0,49.7,0.3,
coqui,coqui_vits_speed10,Temperatura del motor dentro de los límites normales de operación.,0.314,0.0936,,0.383,4.75,0.066,0.0197,1582.1,52.2,46.9,0.2,
coqui,coqui_vits_speed10,"Cargando el modelo de lenguaje, esto puede tardar unos segundos.",0.298,0.0366,,0.404,5.05,0.059,0.0073,1582.0,52.2,48.3,0.0,
coqui,coqui_vits_speed10,He detectado un obstáculo inesperado en mi ruta y estoy buscando un camino alternativo para llegar al destino.,0.395,0.0213,,0.406,7.06,0.056,0.003,1585.4,52.2,48.0,0.0,
coqui,coqui_vits_speed10,"La batería se encuentra al doce por ciento, te recomiendo llevarme a la estación de carga lo antes posible.",0.437,0.0511,,0.462,6.76,0.065,0.0076,1586.4,52.2,45.2,0.2105,
coqui,coqui_vits_speed10,He completado el reconocimiento de la planta baja y no encontré ninguna anomalía en las áreas inspeccionadas.,0.422,0.0374,,0.321,6.91,0.061,0.0054,1587.5,52.3,46.8,0.0588,
coqui,coqui_vits_speed10,"Para ejecutar este comando necesito que confirmes la operación, ya que implica mover objetos en el entorno.",0.466,0.0469,,0.508,7.71,0.06,0.0061,1591.1,52.2,46.9,0.3529,
coqui,coqui_vits_speed10,El sensor de ultrasonidos ha detectado un objeto a treinta centímetros de distancia en el lateral derecho.,0.373,0.0701,,0.378,6.77,0.055,0.0104,1556.0,52.3,46.5,0.1176,
coqui,coqui_vits_speed10,Actualmente estoy procesando el mapa del entorno y calculando la ruta óptima hacia el punto de destino.,0.463,0.1383,,0.636,7.35,0.063,0.0188,1573.6,52.2,46.3,0.0588,
coqui,coqui_vits_speed10,No he podido completar la tarea porque la puerta de acceso a la sala estaba bloqueada desde el interior.,0.585,0.0696,,0.68,6.37,0.092,0.0109,1573.2,52.2,44.9,0.3158,
coqui,coqui_vits_speed10,El sistema de visión ha identificado con un noventa y cinco por ciento de confianza que el objeto es una persona.,0.608,0.1359,,0.494,6.96,0.087,0.0195,1571.8,52.2,46.2,0.3333,
coqui,coqui_vits_speed10,Se ha producido un error en el módulo de planificación de rutas y el sistema ha reiniciado automáticamente.,0.664,0.0645,,0.517,7.66,0.087,0.0084,1670.7,52.2,44.5,0.0556,
coqui,coqui_vits_speed10,"Por favor, asegúrate de que el área esté libre de personas antes de iniciar la secuencia de movimiento.",0.587,0.0759,,0.507,6.61,0.089,0.0115,1670.1,52.2,45.6,0.1111,
coqui,coqui_vits_speed10,"He registrado una anomalía en el sensor de temperatura del motor izquierdo, te recomiendo una revisión técnica.",0.612,0.0279,,0.684,7.57,0.081,0.0037,1671.0,52.2,46.4,0.0588,
coqui,coqui_vits_speed10,La tarea de entrega ha sido completada con éxito y el paquete depositado en el lugar indicado.,0.566,0.1033,,0.482,7.01,0.081,0.0147,1670.6,52.7,48.0,0.0,
coqui,coqui_vits_speed10,No puedo continuar la navegación porque el nivel de batería es insuficiente para completar el trayecto previsto.,0.504,0.0523,,0.534,7.2,0.07,0.0073,1670.9,52.2,44.5,0.0,
coqui,coqui_vits_speed10,He actualizado el inventario de la sala de almacén y detecté que faltan tres artículos respecto al registro anterior.,0.461,0.0168,,0.563,7.32,0.063,0.0023,1613.3,64.1,49.0,0.2105,
coqui,coqui_vits_speed10,"El módulo de reconocimiento de voz no interpretó tu comando, por favor habla más despacio y con claridad.",0.472,0.0424,,0.673,7.21,0.065,0.0059,1613.4,51.2,46.9,0.2222,
coqui,coqui_vits_speed12,Hola.,0.102,0.0108,,0.114,1.34,0.076,0.0081,1612.3,49.9,44.9,0.0,
coqui,coqui_vits_speed12,Finalizado.,0.193,0.0521,,0.177,2.53,0.076,0.0206,1610.4,51.0,47.2,1.0,
coqui,coqui_vits_speed12,Giro completado.,0.289,0.0219,,0.299,2.6,0.111,0.0084,1551.0,53.5,46.7,0.5,
coqui,coqui_vits_speed12,"Entendido, avanzando.",0.248,0.0268,,0.276,3.36,0.074,0.008,1549.2,52.2,49.4,0.0,
coqui,coqui_vits_speed12,Ruta recalculada.,0.239,0.0374,,0.306,2.66,0.09,0.0141,1546.7,53.2,47.2,0.5,
coqui,coqui_vits_speed12,Modo pausa activado.,0.222,0.0549,,0.278,3.44,0.065,0.016,1547.1,52.1,47.8,0.0,
coqui,coqui_vits_speed12,Conexión perdida.,0.166,0.0333,,0.209,2.37,0.07,0.014,1547.1,100.0,48.8,0.0,
coqui,coqui_vits_speed12,Sistema listo.,0.183,0.034,,0.285,2.57,0.071,0.0132,1546.9,52.3,45.1,0.0,
coqui,coqui_vits_speed12,He detectado tres objetos.,0.235,0.0382,,0.233,3.05,0.077,0.0125,1546.6,52.1,48.4,0.25,
coqui,coqui_vits_speed12,Navegando hacia la cocina.,0.197,0.0444,,0.247,3.27,0.06,0.0136,1546.5,52.2,43.2,0.25,
coqui,coqui_vits_speed12,Estoy acoplada en la base.,0.186,0.0504,,0.253,3.23,0.058,0.0156,1546.8,52.4,47.4,0.2,
coqui,coqui_vits_speed12,No puedo hacer eso ahora.,0.193,0.0106,,0.277,2.75,0.07,0.0039,1547.1,52.3,49.4,0.0,
coqui,coqui_vits_speed12,"Obstáculo detectado, deteniendo.",0.193,0.0425,,0.264,3.58,0.054,0.0119,1547.4,57.2,45.4,0.3333,
coqui,coqui_vits_speed12,Sensor de distancia activo.,0.159,0.0083,,0.169,2.69,0.059,0.0031,1547.3,52.2,47.1,0.0,
coqui,coqui_vits_speed12,Batería cargada al cien por cien.,0.18,0.0096,,0.186,3.24,0.055,0.003,1547.1,52.3,49.8,0.5,
coqui,coqui_vits_speed12,"No entiendo, por favor repite el comando.",0.208,0.0295,,0.235,4.32,0.048,0.0068,1547.6,52.2,49.9,0.1429,
coqui,coqui_vits_speed12,Veo una persona y una silla delante.,0.228,0.0315,,0.237,3.82,0.06,0.0082,1547.8,52.2,47.0,0.2857,
coqui,coqui_vits_speed12,"Hola, soy Ana, tu robot asistente personal.",0.229,0.0128,,0.194,3.77,0.061,0.0034,1548.5,54.6,48.9,0.2857,
coqui,coqui_vits_speed12,"Tiempo agotado, por favor intenta de nuevo.",0.222,0.0379,,0.195,4.26,0.052,0.0089,1549.0,52.3,47.6,0.0,
coqui,coqui_vits_speed12,Iniciando secuencia de navegación autónoma.,0.23,0.0097,,0.238,4.41,0.052,0.0022,1550.3,52.3,48.3,0.2,
coqui,coqui_vits_speed12,¿Puedes repetirlo? No te he oído bien.,0.263,0.0069,,0.316,4.56,0.058,0.0015,1549.5,52.3,44.6,0.2857,
coqui,coqui_vits_speed12,El robot TB4 usa ROS 2 Humble sobre Ubuntu.,0.204,0.0133,,0.174,3.97,0.051,0.0034,1547.7,52.2,45.2,0.8889,
coqui,coqui_vits_speed12,"Error: batería al quince por ciento, volviendo a la base.",0.257,0.0184,,0.33,5.27,0.049,0.0035,1567.8,52.2,49.2,0.5,
coqui,coqui_vits_speed12,"Por favor, despeja el camino para que pueda pasar.",0.226,0.0294,,0.178,4.17,0.054,0.007,1568.5,52.2,45.2,0.0,
coqui,coqui_vits_speed12,"Hay tres personas, dos sillas y una mesa en la habitación.",0.241,0.0589,,0.266,5.27,0.046,0.0112,1569.5,52.3,49.1,0.0,
coqui,coqui_vits_speed12,Son las catorce horas y la temperatura es de veintidós grados.,0.236,0.0391,,0.243,4.34,0.054,0.009,1570.4,52.3,49.1,0.1818,
coqui,coqui_vits_speed12,He completado la tarea de inspección del pasillo norte.,0.28,0.091,,0.257,5.03,0.056,0.0181,1570.3,52.2,47.5,0.0,
coqui,coqui_vits_speed12,El mapa ha sido actualizado con los nuevos obstáculos detectados.,0.284,0.0101,,0.278,4.66,0.061,0.0022,1570.5,52.3,49.0,0.0,
coqui,coqui_vits_speed12,La velocidad máxima ha sido reducida al cincuenta por ciento.,0.25,0.0163,,0.32,4.6,0.054,0.0036,1570.3,52.3,43.9,0.3,
coqui,coqui_vits_speed12,No se encontró ningún objeto en el área de búsqueda.,0.217,0.0129,,0.23,4.59,0.047,0.0028,1569.8,53.5,45.0,0.1,
coqui,coqui_vits_speed12,Esperando instrucciones en el punto de espera designado.,0.237,0.0134,,0.257,4.61,0.051,0.0029,1569.4,100.0,50.7,0.0,
coqui,coqui_vits_speed12,"Iniciando protocolo de emergencia, avisando al operador.",0.265,0.0526,,0.278,4.31,0.061,0.0122,1569.5,52.3,44.3,0.5714,
coqui,coqui_vits_speed12,¿Deseas que repita el mensaje o continúo con la tarea?,0.267,0.0209,,0.348,4.51,0.059,0.0046,1569.6,52.2,48.8,0.1,
coqui,coqui_vits_speed12,Temperatura del motor dentro de los límites normales de operación.,0.283,0.0337,,0.308,4.66,0.061,0.0072,1569.6,52.2,48.1,0.0,
coqui,coqui_vits_speed12,"Cargando el modelo de lenguaje, esto puede tardar unos segundos.",0.365,0.0904,,0.54,5.09,0.072,0.0178,1569.5,54.7,48.4,0.0,
coqui,coqui_vits_speed12,He detectado un obstáculo inesperado en mi ruta y estoy buscando un camino alternativo para llegar al destino.,0.535,0.0769,,0.61,6.89,0.078,0.0112,1630.5,52.3,48.1,0.1667,
coqui,coqui_vits_speed12,"La batería se encuentra al doce por ciento, te recomiendo llevarme a la estación de carga lo antes posible.",0.529,0.0417,,0.603,6.46,0.082,0.0065,1613.7,52.2,45.5,0.1579,
coqui,coqui_vits_speed12,He completado el reconocimiento de la planta baja y no encontré ninguna anomalía en las áreas inspeccionadas.,0.586,0.0958,,0.742,7.05,0.083,0.0136,1652.0,52.2,47.4,0.0,
coqui,coqui_vits_speed12,"Para ejecutar este comando necesito que confirmes la operación, ya que implica mover objetos en el entorno.",0.582,0.126,,0.609,6.97,0.084,0.0181,1657.5,52.2,45.3,0.3529,
coqui,coqui_vits_speed12,El sensor de ultrasonidos ha detectado un objeto a treinta centímetros de distancia en el lateral derecho.,0.455,0.1479,,0.617,7.0,0.065,0.0211,1657.8,52.1,46.4,0.1176,
coqui,coqui_vits_speed12,Actualmente estoy procesando el mapa del entorno y calculando la ruta óptima hacia el punto de destino.,0.365,0.0599,,0.405,6.65,0.055,0.009,1657.8,52.4,45.5,0.0,
coqui,coqui_vits_speed12,No he podido completar la tarea porque la puerta de acceso a la sala estaba bloqueada desde el interior.,0.357,0.0197,,0.383,6.44,0.055,0.003,1657.6,52.3,47.7,0.0,
coqui,coqui_vits_speed12,El sistema de visión ha identificado con un noventa y cinco por ciento de confianza que el objeto es una persona.,0.338,0.0714,,0.393,6.97,0.048,0.0103,1657.1,52.2,45.7,0.381,
coqui,coqui_vits_speed12,Se ha producido un error en el módulo de planificación de rutas y el sistema ha reiniciado automáticamente.,0.398,0.0589,,0.39,6.87,0.058,0.0086,1657.2,52.2,45.1,0.0556,
coqui,coqui_vits_speed12,"Por favor, asegúrate de que el área esté libre de personas antes de iniciar la secuencia de movimiento.",0.33,0.0307,,0.364,6.44,0.051,0.0048,1656.8,52.2,50.1,0.1111,
coqui,coqui_vits_speed12,"He registrado una anomalía en el sensor de temperatura del motor izquierdo, te recomiendo una revisión técnica.",0.319,0.0405,,0.456,6.78,0.047,0.006,1657.1,54.8,47.6,0.0588,
coqui,coqui_vits_speed12,La tarea de entrega ha sido completada con éxito y el paquete depositado en el lugar indicado.,0.361,0.0265,,0.363,6.6,0.055,0.004,1656.9,52.3,49.2,0.0,
coqui,coqui_vits_speed12,No puedo continuar la navegación porque el nivel de batería es insuficiente para completar el trayecto previsto.,0.46,0.0039,,0.5,7.5,0.061,0.0005,1667.3,52.2,46.0,0.0,
coqui,coqui_vits_speed12,He actualizado el inventario de la sala de almacén y detecté que faltan tres artículos respecto al registro anterior.,0.383,0.0744,,0.436,7.7,0.05,0.0097,1668.2,52.3,47.7,0.0526,
coqui,coqui_vits_speed12,"El módulo de reconocimiento de voz no interpretó tu comando, por favor habla más despacio y con claridad.",0.304,0.0249,,0.373,7.66,0.04,0.0033,1667.9,52.4,49.1,0.2778,
coqui,coqui_xtts_v2,Hola.,4.517,1.5274,,4.983,2.36,1.915,0.6478,4853.3,54.7,50.0,0.0,
coqui,coqui_xtts_v2,Finalizado.,2.928,1.2698,,13.945,1.29,2.267,0.9833,4862.9,54.6,50.0,0.0,
coqui,coqui_xtts_v2,Giro completado.,5.936,5.2172,,6.057,1.62,3.659,3.2165,4875.2,54.6,49.8,0.5,
coqui,coqui_xtts_v2,"Entendido, avanzando.",8.061,5.3397,,5.332,2.55,3.161,2.094,4886.0,54.6,49.6,0.5,
coqui,coqui_xtts_v2,Ruta recalculada.,6.149,4.2426,,6.213,5.85,1.052,0.7257,4884.3,54.6,49.7,0.0,
coqui,coqui_xtts_v2,Modo pausa activado.,4.361,1.4247,,10.967,3.8,1.148,0.3751,4885.1,52.2,50.0,0.0,
coqui,coqui_xtts_v2,Conexión perdida.,10.645,3.3873,,9.512,3.52,3.023,0.9621,4888.6,57.5,49.7,2.0,
coqui,coqui_xtts_v2,Sistema listo.,7.859,3.1411,,8.975,3.15,2.497,0.998,4893.6,100.0,49.8,0.0,
coqui,coqui_xtts_v2,He detectado tres objetos.,6.936,4.7385,,6.471,2.18,3.186,2.1769,4887.7,54.7,49.4,0.0,
coqui,coqui_xtts_v2,Navegando hacia la cocina.,11.769,8.2782,,4.028,9.0,1.307,0.9195,4892.1,57.1,49.5,1.75,
coqui,coqui_xtts_v2,Estoy acoplada en la base.,3.885,0.5365,,7.218,1.9,2.045,0.2825,4885.2,56.0,49.5,0.2,
coqui,coqui_xtts_v2,No puedo hacer eso ahora.,6.768,5.3972,,9.591,1.62,4.173,3.3275,4891.2,54.7,49.9,0.0,
coqui,coqui_xtts_v2,"Obstáculo detectado, deteniendo.",5.298,0.4327,,5.448,3.29,1.612,0.1317,4887.2,54.6,50.0,0.0,
coqui,coqui_xtts_v2,Sensor de distancia activo.,10.207,7.9525,,6.384,14.29,0.714,0.5563,4897.8,54.6,49.8,0.0,
coqui,coqui_xtts_v2,Batería cargada al cien por cien.,5.214,2.5306,,3.979,2.27,2.294,1.1135,4891.4,54.6,49.8,0.5,
coqui,coqui_xtts_v2,"No entiendo, por favor repite el comando.",7.167,1.725,,7.219,5.75,1.246,0.3,4891.3,54.7,49.9,0.1429,
coqui,coqui_xtts_v2,Veo una persona y una silla delante.,4.537,0.5464,,3.578,3.24,1.399,0.1685,4888.3,54.7,49.9,0.2857,
coqui,coqui_xtts_v2,"Hola, soy Ana, tu robot asistente personal.",8.151,0.6673,,8.519,5.29,1.54,0.1261,4885.8,54.7,49.9,0.4286,
coqui,coqui_xtts_v2,"Tiempo agotado, por favor intenta de nuevo.",6.005,1.089,,6.384,3.62,1.66,0.3011,4885.4,52.2,49.9,0.2857,
coqui,coqui_xtts_v2,Iniciando secuencia de navegación autónoma.,7.24,3.4275,,4.923,2.83,2.561,1.2123,4888.0,54.7,49.9,0.6,
coqui,coqui_xtts_v2,¿Puedes repetirlo? No te he oído bien.,7.475,2.7546,,4.541,4.82,1.55,0.5712,4886.2,54.7,49.9,0.2857,
coqui,coqui_xtts_v2,El robot TB4 usa ROS 2 Humble sobre Ubuntu.,14.548,8.3991,,14.997,6.44,2.258,1.3035,4936.3,61.7,49.8,0.5556,
coqui,coqui_xtts_v2,"Error: batería al quince por ciento, volviendo a la base.",7.239,0.467,,9.979,5.2,1.393,0.0899,4900.0,54.6,49.8,0.4,
coqui,coqui_xtts_v2,"Por favor, despeja el camino para que pueda pasar.",5.778,0.5015,,6.271,3.71,1.556,0.1351,4900.1,54.7,49.9,0.0,
coqui,coqui_xtts_v2,"Hay tres personas, dos sillas y una mesa en la habitación.",10.11,5.1256,,8.324,4.78,2.115,1.0725,4907.3,54.7,49.9,0.2727,
coqui,coqui_xtts_v2,Son las catorce horas y la temperatura es de veintidós grados.,12.376,2.7818,,11.283,6.3,1.963,0.4412,4903.1,54.7,49.8,0.1818,
coqui,coqui_xtts_v2,He completado la tarea de inspección del pasillo norte.,5.075,0.3083,,20.28,3.15,1.613,0.098,4905.0,100.0,50.1,0.0,
coqui,coqui_xtts_v2,El mapa ha sido actualizado con los nuevos obstáculos detectados.,7.076,0.3614,,5.22,4.68,1.511,0.0772,4905.4,54.7,49.8,0.0,
coqui,coqui_xtts_v2,La velocidad máxima ha sido reducida al cincuenta por ciento.,12.002,5.3221,,10.665,5.52,2.176,0.965,4912.3,64.3,49.8,0.6,
coqui,coqui_xtts_v2,No se encontró ningún objeto en el área de búsqueda.,8.466,3.5185,,12.506,3.15,2.69,1.1179,4907.0,54.7,50.0,0.1,
coqui,coqui_xtts_v2,Esperando instrucciones en el punto de espera designado.,10.135,4.0106,,7.966,7.29,1.391,0.5505,4907.8,64.2,49.8,0.0,
coqui,coqui_xtts_v2,"Iniciando protocolo de emergencia, avisando al operador.",6.684,0.609,,9.196,4.59,1.457,0.1328,4904.7,54.7,50.0,0.5714,
coqui,coqui_xtts_v2,¿Deseas que repita el mensaje o continúo con la tarea?,6.644,1.1118,,8.218,5.1,1.303,0.218,4899.1,52.2,50.0,0.1,
coqui,coqui_xtts_v2,Temperatura del motor dentro de los límites normales de operación.,8.825,4.0751,,9.106,4.17,2.116,0.9769,4900.6,54.7,50.0,0.0,
coqui,coqui_xtts_v2,"Cargando el modelo de lenguaje, esto puede tardar unos segundos.",7.411,0.8354,,6.649,5.61,1.321,0.1489,4894.7,54.7,50.0,0.1,
coqui,coqui_xtts_v2,He detectado un obstáculo inesperado en mi ruta y estoy buscando un camino alternativo para llegar al destino.,15.693,5.5353,,38.323,15.46,1.015,0.3581,4921.8,62.6,49.7,0.0,
coqui,coqui_xtts_v2,"La batería se encuentra al doce por ciento, te recomiendo llevarme a la estación de carga lo antes posible.",11.083,2.0176,,9.065,6.91,1.603,0.2919,4919.1,54.7,49.8,0.1579,
coqui,coqui_xtts_v2,He completado el reconocimiento de la planta baja y no encontré ninguna anomalía en las áreas inspeccionadas.,15.746,9.2722,,11.225,18.85,0.835,0.4919,4981.6,54.7,49.7,0.0588,
coqui,coqui_xtts_v2,"Para ejecutar este comando necesito que confirmes la operación, ya que implica mover objetos en el entorno.",15.566,5.6746,,11.314,15.55,1.001,0.3649,4929.5,63.8,49.8,0.4706,
coqui,coqui_xtts_v2,El sensor de ultrasonidos ha detectado un objeto a treinta centímetros de distancia en el lateral derecho.,13.965,1.73,,15.451,10.86,1.286,0.1593,4932.8,64.8,49.8,0.1176,
coqui,coqui_xtts_v2,Actualmente estoy procesando el mapa del entorno y calculando la ruta óptima hacia el punto de destino.,18.878,7.3099,,14.639,8.4,2.249,0.8707,4990.0,54.7,49.7,0.0,
coqui,coqui_xtts_v2,No he podido completar la tarea porque la puerta de acceso a la sala estaba bloqueada desde el interior.,11.702,1.1947,,8.134,8.03,1.457,0.1487,4933.0,64.5,49.8,0.0,
coqui,coqui_xtts_v2,El sistema de visión ha identificado con un noventa y cinco por ciento de confianza que el objeto es una persona.,14.37,1.3892,,13.187,10.62,1.353,0.1308,4928.2,54.7,49.7,0.2857,
coqui,coqui_xtts_v2,Se ha producido un error en el módulo de planificación de rutas y el sistema ha reiniciado automáticamente.,16.593,6.3017,,10.41,8.53,1.944,0.7384,4928.0,54.6,49.7,0.0556,
coqui,coqui_xtts_v2,"Por favor, asegúrate de que el área esté libre de personas antes de iniciar la secuencia de movimiento.",10.685,0.9293,,10.747,7.19,1.486,0.1292,4922.1,64.1,49.9,0.0556,
coqui,coqui_xtts_v2,"He registrado una anomalía en el sensor de temperatura del motor izquierdo, te recomiendo una revisión técnica.",12.448,2.9168,,11.927,10.72,1.161,0.2721,4923.0,54.7,49.8,0.0588,
coqui,coqui_xtts_v2,La tarea de entrega ha sido completada con éxito y el paquete depositado en el lugar indicado.,12.769,1.1638,,10.064,8.49,1.504,0.1371,4919.5,54.7,49.8,0.0,
coqui,coqui_xtts_v2,No puedo continuar la navegación porque el nivel de batería es insuficiente para completar el trayecto previsto.,12.063,0.6211,,16.295,7.47,1.615,0.0832,4917.8,54.7,49.9,0.0,
coqui,coqui_xtts_v2,He actualizado el inventario de la sala de almacén y detecté que faltan tres artículos respecto al registro anterior.,12.201,0.4909,,11.677,8.17,1.493,0.0601,4918.7,67.7,50.0,0.3158,
coqui,coqui_xtts_v2,"El módulo de reconocimiento de voz no interpretó tu comando, por favor habla más despacio y con claridad.",13.862,6.3266,,11.024,6.73,2.059,0.9399,4928.1,63.6,49.9,0.0,
